prediction_age_ms,count,positives,negatives,tp,fp,tn,fn,precision,recall,specificity,f1,false_positive_rate,false_negative_rate,accuracy
-1.0,1753,0,1753,0,193,1560,0,0.0,0.0,0.8899030233884769,0.0,0.11009697661152311,0.0,0.8899030233884769
11.609999656677246,2406,2406,0,2405,0,0,1,1.0,0.9995843724023276,0.0,0.9997921430056121,0.0,0.00041562759767248546,0.9995843724023276
20.0,1796,0,1796,0,228,1568,0,0.0,0.0,0.8730512249443207,0.0,0.12694877505567928,0.0,0.8730512249443207
23.219999313354492,2266,2266,0,2262,0,0,4,1.0,0.9982347749338041,0.0,0.9991166077738516,0.0,0.00176522506619594,0.9982347749338041
46.439998626708984,2348,2348,0,2331,0,0,17,1.0,0.9927597955706985,0.0,0.9963667450309894,0.0,0.007240204429301534,0.9927597955706985
50.0,1018,0,1018,0,107,911,0,0.0,0.0,0.8948919449901768,0.0,0.10510805500982318,0.0,0.8948919449901768
92.87999725341797,2369,2369,0,2161,0,0,208,1.0,0.9121992401857324,0.0,0.954083885209713,0.0,0.08780075981426762,0.9121992401857324
120.0,2187,2187,0,1996,0,0,191,1.0,0.912665752171925,0.0,0.9543389911546737,0.0,0.08733424782807499,0.912665752171925
220.0,1109,1109,0,923,0,0,186,1.0,0.8322813345356177,0.0,0.9084645669291339,0.0,0.16771866546438233,0.8322813345356177
