frame,time_s,calibrated,visible_window,detected_onset,onset_confidence,rms_dbfs,active_probability,raw_pitch,stable_active,stable_pitch,transition_score,transition_veto,retrigger,inference_ms,loop_ms
0,0.005804988662131519,0,4096,0,0.0,-97.29235200308943,,,,,,,,,1.195799999999636
1,0.011609977324263039,0,4096,0,0.2280827657955032,-96.04878903049143,,,,,,,,,1.0993999999993065
2,0.017414965986394557,0,4096,0,0.0,-96.51857380658345,,,,,,,,,1.5786000000002076
3,0.023219954648526078,0,4096,0,0.0,-97.92982462984386,,,,,,,,,1.8548999999996596
4,0.029024943310657598,0,4096,0,0.0,-96.73658462938218,,,,,,,,,1.3380999999998977
5,0.034829931972789115,0,4096,0,0.0,-96.59003495889704,,,,,,,,,0.8923999999996823
6,0.040634920634920635,0,4096,0,0.0,-96.51857380658345,,,,,,,,,0.9581000000000728
7,0.046439909297052155,0,4096,0,0.0,-96.243937670594,,,,,,,,,0.76110000000007
8,0.052244897959183675,0,4096,0,0.0,-96.17790898892383,,,,,,,,,0.6124000000014007
9,0.058049886621315196,0,4096,0,0.0,-96.66269167130112,,,,,,,,,1.740299999999806
10,0.06385487528344672,0,4096,0,0.0,-96.51857380658345,,,,,,,,,1.4997000000001037
11,0.06965986394557823,0,4096,0,0.0,-96.04878903049143,,,,,,,,,1.6821000000000197
12,0.07546485260770976,0,4096,0,0.0,-96.81175663155918,,,,,,,,,2.203599999999639
13,0.08126984126984127,0,4096,0,0.0,-96.73658462938218,,,,,,,,,2.1313999999996724
14,0.08707482993197278,0,4096,0,0.0,-97.46514278371254,,,,,,,,,2.7719000000008265
15,0.09287981859410431,0,4096,0,0.0,-97.04540980062914,,,,,,,,,1.5655000000016628
16,0.09868480725623582,0,4096,0,0.0,-97.29235200308943,,,,,,,,,0.9464000000001249
17,0.10448979591836735,0,4096,0,0.0,-96.04878903049143,,,,,,,,,0.9510999999999825
18,0.11029478458049886,0,4096,0,0.0,-96.51857380658345,,,,,,,,,2.636800000001216
19,0.11609977324263039,0,4096,0,0.0,-97.92982462984386,,,,,,,,,0.564500000001189
20,0.1219047619047619,0,4096,0,0.0,-96.73658462938218,,,,,,,,,0.4521000000003994
21,0.12770975056689343,0,4096,0,0.0,-96.59003495889704,,,,,,,,,1.6578000000002646
22,0.13351473922902493,0,4096,0,0.0,-96.51857380658345,,,,,,,,,1.1235999999996693
23,0.13931972789115646,0,4096,0,0.0,-96.243937670594,,,,,,,,,0.8889999999990295
24,0.14512471655328799,0,4096,0,0.0,-96.17790898892383,,,,,,,,,2.1962000000002035
25,0.1509297052154195,0,4096,0,0.0,-96.66269167130112,,,,,,,,,1.4672999999998382
26,0.156734693877551,0,4096,0,0.0,-96.51857380658345,,,,,,,,,1.5922000000010428
27,0.16253968253968254,0,4096,0,0.0,-96.04878903049143,,,,,,,,,2.066400000000357
28,0.16834467120181407,0,4096,0,0.0,-96.81175663155918,,,,,,,,,1.3828000000000173
29,0.17414965986394557,0,4096,0,0.0,-96.73658462938218,,,,,,,,,1.3094000000002382
30,0.1799546485260771,0,4096,0,0.0,-97.46514278371254,,,,,,,,,1.5409999999995705
31,0.18575963718820862,0,4096,0,0.0,-97.04540980062914,,,,,,,,,1.2100999999997697
32,0.19156462585034015,0,4096,0,0.0,-97.29235200308943,,,,,,,,,0.7467999999999364
33,0.19736961451247165,0,4096,0,0.0,-96.04878903049143,,,,,,,,,2.651800000000648
34,0.20317460317460317,0,4096,0,0.0,-96.51857380658345,,,,,,,,,1.3385999999986353
35,0.2089795918367347,0,4096,0,0.0,-97.92982462984386,,,,,,,,,1.2289999999985923
36,0.2147845804988662,0,4096,0,0.0,-96.73658462938218,,,,,,,,,1.5907000000012772
37,0.22058956916099773,0,4096,0,0.0,-96.59003495889704,,,,,,,,,2.345899999999901
38,0.22639455782312926,0,4096,0,0.0,-96.51857380658345,,,,,,,,,1.009899999999675
39,0.23219954648526078,0,4096,0,0.0,-96.243937670594,,,,,,,,,0.9400999999993331
40,0.23800453514739228,0,4096,0,0.0,-96.17790898892383,,,,,,,,,0.5022999999990674
41,0.2438095238095238,0,4096,0,0.0,-96.66269167130112,,,,,,,,,0.5091000000003731
42,0.24961451247165534,0,4096,0,0.0,-96.51857380658345,,,,,,,,,2.2780000000004463
43,0.25541950113378686,0,4096,0,0.0,-96.04878903049143,,,,,,,,,0.6138999999993899
44,0.2612244897959184,0,4096,0,0.0,-96.81175663155918,,,,,,,,,0.8708999999988976
45,0.26702947845804986,0,4096,0,0.0,-96.73658462938218,,,,,,,,,1.7153000000007523
46,0.2728344671201814,0,4096,0,0.0,-97.46514278371254,,,,,,,,,1.4342999999996664
47,0.2786394557823129,0,4096,0,0.0,-97.04540980062914,,,,,,,,,1.9892999999999716
48,0.28444444444444444,0,4096,0,0.0,-97.29235200308943,,,,,,,,,2.9705999999993793
49,0.29024943310657597,0,4096,0,0.0,-96.04878903049143,,,,,,,,,0.5836000000005725
50,0.2960544217687075,0,4096,0,0.0,-96.51857380658345,,,,,,,,,0.48329999999907614
51,0.301859410430839,0,4096,0,0.0,-97.92982462984386,,,,,,,,,1.5243999999992042
52,0.3076643990929705,0,4096,0,0.0,-96.73658462938218,,,,,,,,,0.6468000000001695
53,0.313469387755102,0,4096,0,0.0,-96.59003495889704,,,,,,,,,0.46989999999880183
54,0.31927437641723355,0,4096,0,0.0,-96.51857380658345,,,,,,,,,1.3410000000000366
55,0.3250793650793651,0,4096,0,0.0,-96.243937670594,,,,,,,,,0.9279000000006477
56,0.3308843537414966,0,4096,0,0.0,-96.17790898892383,,,,,,,,,0.8973000000001008
57,0.33668934240362813,0,4096,0,0.0,-96.66269167130112,,,,,,,,,2.780100000000729
58,0.34249433106575966,0,4096,0,0.0,-96.51857380658345,,,,,,,,,1.4414999999985412
59,0.34829931972789113,0,4096,0,0.0,-96.04878903049143,,,,,,,,,0.7651000000006292
60,0.35410430839002266,0,4096,0,0.0,-96.81175663155918,,,,,,,,,0.9897999999992635
61,0.3599092970521542,0,4096,0,0.0,-96.73658462938218,,,,,,,,,0.5740999999996887
62,0.3657142857142857,0,4096,0,0.0,-97.46514278371254,,,,,,,,,0.41370000000107154
63,0.37151927437641724,0,4096,0,0.0,-97.04540980062914,,,,,,,,,1.660000000001105
64,0.37732426303854877,0,4096,0,0.0,-97.29235200308943,,,,,,,,,0.9019000000005661
65,0.3831292517006803,0,4096,0,0.0,-96.04878903049143,,,,,,,,,0.4761999999995936
66,0.38893424036281177,0,4096,0,0.0,-96.51857380658345,,,,,,,,,1.844600000000085
67,0.3947392290249433,0,4096,0,0.0,-97.92982462984386,,,,,,,,,2.022100000001359
68,0.4005442176870748,0,4096,0,0.0,-96.73658462938218,,,,,,,,,2.2215000000009866
69,0.40634920634920635,0,4096,0,0.0,-96.59003495889704,,,,,,,,,0.7412999999996117
70,0.4121541950113379,0,4096,0,0.0,-96.51857380658345,,,,,,,,,0.48279999999856216
71,0.4179591836734694,0,4096,0,0.0,-96.243937670594,,,,,,,,,0.42359999999952436
72,0.42376417233560093,0,4096,0,0.0,-96.17790898892383,,,,,,,,,0.9632000000010521
73,0.4295691609977324,0,4096,0,0.0,-96.66269167130112,,,,,,,,,0.49890000000019086
74,0.43537414965986393,0,4096,0,0.0,-96.51857380658345,,,,,,,,,0.47900000000034026
75,0.44117913832199546,0,4096,0,0.0,-96.04878903049143,,,,,,,,,1.6386999999991048
76,0.446984126984127,0,4096,0,0.0,-96.81175663155918,,,,,,,,,0.8831000000011358
77,0.4527891156462585,0,4096,0,0.0,-96.73658462938218,,,,,,,,,1.8041000000010854
78,0.45859410430839004,0,4096,0,0.0,-97.46514278371254,,,,,,,,,1.7473999999992884
79,0.46439909297052157,0,4096,0,0.0,-97.04540980062914,,,,,,,,,1.497900000000385
80,0.47020408163265304,0,4096,0,0.0,-97.29235200308943,,,,,,,,,2.9205000000001036
81,0.47600907029478456,0,4096,0,0.0,-96.04878903049143,,,,,,,,,1.6297999999999035
82,0.4818140589569161,0,4096,0,0.0,-96.51857380658345,,,,,,,,,1.4535000000002185
83,0.4876190476190476,0,4096,0,0.0,-97.92982462984386,,,,,,,,,1.6756000000004434
84,0.49342403628117915,0,4096,0,0.0,-96.73658462938218,,,,,,,,,1.7518999999985851
85,0.4992290249433107,0,4096,0,0.0,-96.59003495889704,,,,,,,,,1.435799999999432
86,0.5050340136054422,0,4096,0,1.0,-78.98025725326262,,,,,,,,,0.592599999999166
87,0.5108390022675737,0,4096,0,1.0,-76.73078516384359,,,,,,,,,2.088000000000534
88,0.5166439909297053,0,4096,0,1.0,-76.70111645110394,,,,,,,,,1.4788999999986174
89,0.5224489795918368,0,4096,0,1.0,-76.24075383684959,,,,,,,,,1.2447000000008757
90,0.5282539682539683,0,4096,0,1.0,-70.3447243261231,,,,,,,,,2.094400000000718
91,0.5340589569160997,0,4096,0,1.0,-68.66869288740067,,,,,,,,,1.525100000000279
92,0.5398639455782313,0,4096,0,1.0,-64.05477786312584,,,,,,,,,0.9882999999994979
93,0.5456689342403628,0,4096,0,1.0,-60.28110910700704,,,,,,,,,0.8212999999983595
94,0.5514739229024943,0,4096,0,1.0,-64.57759480254049,,,,,,,,,0.46369999999917866
95,0.5572789115646258,0,4096,0,1.0,-62.46474063853586,,,,,,,,,0.4139999999992483
96,0.5630839002267574,0,4096,0,1.0,-61.840886960593565,,,,,,,,,1.5341000000006488
97,0.5688888888888889,0,4096,0,1.0,-57.904966249708956,,,,,,,,,0.7470000000004973
98,0.5746938775510204,0,4096,0,1.0,-59.34498720703247,,,,,,,,,0.44530000000087
99,0.5804988662131519,0,4096,0,1.0,-59.19962754030265,,,,,,,,,1.0984999999994471
100,0.5863038548752835,0,4096,0,1.0,-52.57108205668104,,,,,,,,,0.7358000000010634
101,0.592108843537415,0,4096,0,1.0,-53.732486922285474,,,,,,,,,1.774199999999837
102,0.5979138321995465,0,4096,0,1.0,-51.00453649664166,,,,,,,,,0.7162000000011659
103,0.603718820861678,0,4096,0,1.0,-50.65118069396762,,,,,,,,,0.48370000000019786
104,0.6095238095238096,0,4096,0,1.0,-54.02013751868145,,,,,,,,,0.47099999999922204
105,0.615328798185941,0,4096,0,1.0,-51.27160141538327,,,,,,,,,0.9271000000001806
106,0.6211337868480725,0,4096,0,1.0,-51.971062233026245,,,,,,,,,0.46339999999922554
107,0.626938775510204,0,4096,0,1.0,-53.42655196127826,,,,,,,,,0.4144999999997623
108,0.6327437641723356,0,4096,0,1.0,-56.907484548910446,,,,,,,,,1.8010000000003856
109,0.6385487528344671,0,4096,0,1.0,-54.76726326491808,,,,,,,,,1.2058999999986497
110,0.6443537414965986,0,4096,0,1.0,-58.14066955634602,,,,,,,,,0.4624999999993662
111,0.6501587301587302,0,4096,0,1.0,-56.557163345506765,,,,,,,,,1.6166999999995824
112,0.6559637188208617,0,4096,0,1.0,-60.35169966684521,,,,,,,,,0.5246999999997115
113,0.6617687074829932,0,4096,0,1.0,-59.26265710210221,,,,,,,,,0.4406999999986283
114,0.6675736961451247,0,4096,0,1.0,-60.929956953592345,,,,,,,,,0.6757000000003899
115,0.6733786848072563,0,4096,0,1.0,-61.690569037553765,,,,,,,,,0.49600000000005195
116,0.6791836734693878,0,4096,0,1.0,-64.58335577360604,,,,,,,,,0.3989000000004239
117,0.6849886621315193,0,4096,0,1.0,-63.87326626834956,,,,,,,,,2.005699999999777
118,0.6907936507936508,0,4096,0,1.0,-68.15546607348209,,,,,,,,,1.3889999999996405
119,0.6965986394557823,0,4096,0,1.0,-70.19196060918908,,,,,,,,,0.39770000000061145
120,0.7024036281179138,0,4096,0,1.0,-72.05172731104537,,,,,,,,,1.1092999999995357
121,0.7082086167800453,0,4096,0,1.0,-73.85743478594978,,,,,,,,,0.7291000000009262
122,0.7140136054421768,0,4096,0,1.0,-76.36415705924449,,,,,,,,,0.5582999999997895
123,0.7198185941043084,0,4096,0,1.0,-72.38637489894973,,,,,,,,,1.3083999999992102
124,0.7256235827664399,0,4096,0,1.0,-71.90228454653075,,,,,,,,,1.1214999999999975
125,0.7314285714285714,0,4096,0,1.0,-71.23940682196165,,,,,,,,,0.6936999999993532
126,0.737233560090703,0,4096,0,1.0,-70.23560987274328,,,,,,,,,0.8517000000001218
127,0.7430385487528345,0,4096,0,1.0,-66.39094819107383,,,,,,,,,0.615700000000885
128,0.748843537414966,0,4096,0,1.0,-70.50571984519567,,,,,,,,,0.6582999999995565
129,0.7546485260770975,0,4096,0,1.0,-73.88131141039293,,,,,,,,,1.6932000000000613
130,0.7604535147392291,0,4096,0,1.0,-79.05841352678526,,,,,,,,,0.6352999999990061
131,0.7662585034013606,0,4096,0,1.0,-79.11088103264089,,,,,,,,,0.3990999999992084
132,0.7720634920634921,0,4096,0,1.0,-81.65611966862542,,,,,,,,,1.0063000000002376
133,0.7778684807256235,0,4096,0,1.0,-78.99778290692716,,,,,,,,,0.4410000000003578
134,0.7836734693877551,0,4096,0,1.0,-81.52172824467485,,,,,,,,,0.41679999999999495
135,0.7894784580498866,0,4096,0,0.928926710597957,-82.66748593053785,,,,,,,,,0.7613000000006309
136,0.7952834467120181,0,4096,0,0.0,-81.22902097498367,,,,,,,,,0.4015000000006097
137,0.8010884353741496,0,4096,0,0.2644420573676904,-80.63425959775483,,,,,,,,,0.402900000000983
138,0.8068934240362812,0,4096,0,1.0,-83.92147496070025,,,,,,,,,1.4598999999986262
139,0.8126984126984127,0,4096,0,0.0,-88.1664099408516,,,,,,,,,1.193100000000058
140,0.8185034013605442,0,4096,0,0.020590435959143567,-86.08374868570345,,,,,,,,,0.9697000000006284
141,0.8243083900226758,0,4096,0,0.2554905886339026,-86.60789667145593,,,,,,,,,0.8577000000009605
142,0.8301133786848073,0,4096,0,0.0,-87.69567402547804,,,,,,,,,0.46419999999969264
143,0.8359183673469388,0,4096,0,0.42011577924891186,-84.8766880456804,,,,,,,,,0.4280000000012052
144,0.8417233560090703,0,4096,0,0.0,-85.73281165491436,,,,,,,,,0.9931999999999164
145,0.8475283446712019,0,4096,0,0.9127796595881073,-83.87495438153485,,,,,,,,,0.642400000000265
146,0.8533333333333334,0,4096,0,1.0,-77.42410054566827,,,,,,,,,0.595799999999258
147,0.8591383219954648,0,4096,0,1.0,-80.28147636640797,,,,,,,,,0.7605000000001638
148,0.8649433106575963,0,4096,0,1.0,-80.53663176249957,,,,,,,,,0.43909999999947047
149,0.8707482993197279,0,4096,0,1.0,-77.6315311171768,,,,,,,,,0.39259999999963213
150,0.8765532879818594,0,4096,0,0.0,-81.10908105097649,,,,,,,,,0.809099999999674
151,0.8823582766439909,0,4096,0,0.1684226364392342,-86.03275024304554,,,,,,,,,0.5158999999999025
152,0.8881632653061224,0,4096,0,1.0,-78.59210559776604,,,,,,,,,0.5220999999995257
153,0.893968253968254,0,4096,0,1.0,-79.29631548449903,,,,,,,,,0.6300000000010186
154,0.8997732426303855,0,4096,0,1.0,-76.15712893398609,,,,,,,,,0.37509999999940646
155,0.905578231292517,0,4096,0,1.0,-76.41230340332638,,,,,,,,,0.3263000000011118
156,0.9113832199546485,0,4096,0,1.0,-74.35753635971389,,,,,,,,,0.8562000000011949
157,0.9171882086167801,0,4096,0,0.0,-78.00822844852713,,,,,,,,,1.3103000000000975
158,0.9229931972789116,0,4096,0,1.0,-75.31659956045198,,,,,,,,,1.9119999999990256
159,0.9287981859410431,0,4096,0,1.0,-81.02625091982799,,,,,,,,,0.9604000000003055
160,0.9346031746031747,0,4096,0,0.0,-80.41499614407526,,,,,,,,,0.6575000000008657
161,0.9404081632653061,0,4096,0,0.0,-81.86220117774802,,,,,,,,,0.7581999999999312
162,0.9462131519274376,0,4096,0,0.0,-83.30481847961202,,,,,,,,,1.915500000000847
163,0.9520181405895691,0,4096,0,0.45476136129198647,-81.81635282252428,,,,,,,,,1.7412999999990575
164,0.9578231292517007,0,4096,0,0.26397859510312693,-81.96033575925773,,,,,,,,,0.7107000000008412
165,0.9636281179138322,0,4096,0,1.0,-77.33081684802292,,,,,,,,,0.8148999999999518
166,0.9694331065759637,0,4096,0,1.0,-74.01065372317782,,,,,,,,,1.3575000000010107
167,0.9752380952380952,0,4096,0,1.0,-70.56055940102128,,,,,,,,,1.3817999999989894
168,0.9810430839002268,0,4096,0,1.0,-69.50500649013611,,,,,,,,,2.092600000000999
169,0.9868480725623583,0,4096,0,1.0,-69.1051522709601,,,,,,,,,1.6150999999986482
170,0.9926530612244898,0,4096,0,1.0,-71.78108456444005,,,,,,,,,0.5971000000002391
171,0.9984580498866213,1,4096,0,1.0,-71.88566761875946,0.0026162350550293922,59,0,-1,,0,0,7.387899999999448,8.926899999998739
172,1.0042630385487528,1,4096,0,1.0,-69.44981415013089,0.002635311335325241,59,0,-1,,0,0,8.712600000000847,11.666099999999346
173,1.0100680272108844,1,512,1,1.0,-68.90133200959885,0.020599013194441795,59,0,-1,,0,0,5.524799999999885,7.415599999999856
174,1.0158730158730158,1,512,0,1.0,-69.70537396625767,0.019818367436528206,59,0,-1,,0,0,5.265200000000192,6.3752000000008024
175,1.0216780045351475,1,512,0,1.0,-70.67845184875969,0.02034427784383297,59,0,-1,,0,0,4.438699999999685,5.910500000000596
176,1.0274829931972789,1,1024,0,1.0,-69.45259895724455,0.019949741661548615,59,0,-1,,0,0,3.4932000000011953,4.753100000000288
177,1.0332879818594105,1,1024,0,1.0,-70.07819906821092,0.02013443410396576,59,0,-1,,0,0,4.587900000000644,5.96439999999987
178,1.039092970521542,1,2048,0,1.0,-70.41160309680262,0.01997547037899494,59,0,-1,,0,0,3.1943999999999306,4.009999999999181
179,1.0448979591836736,1,2048,0,1.0,-71.46058615914926,0.020019803196191788,59,0,-1,,0,0,4.628800000000766,5.639499999999131
180,1.050702947845805,1,2048,0,0.4315911537591816,-75.37394174737062,0.02006617933511734,59,0,-1,,0,0,4.549100000000195,7.473100000000343
181,1.0565079365079366,1,2048,0,0.18438237837423488,-75.20099686262527,0.020101895555853844,59,0,-1,,0,0,4.0631000000015405,5.062600000000472
182,1.062312925170068,1,4096,0,1.0,-72.5958014877026,0.0026384026277810335,59,0,-1,,0,0,5.051500000000431,5.948799999998755
183,1.0681179138321995,1,4096,0,0.0,-75.48089077948411,0.0026325955986976624,59,0,-1,,0,0,4.1653000000003715,7.007100000000932
184,1.073922902494331,1,4096,0,0.08058900637481209,-76.30370320568898,0.0026344514917582273,59,0,-1,,0,0,4.546299999999448,6.093899999999763
185,1.0797278911564625,1,4096,0,0.07637944740451,-80.00079667255712,0.0026310484390705824,59,0,-1,,0,0,4.84059999999964,6.515800000000738
186,1.0855328798185941,1,4096,0,0.0,-82.19745288153204,0.002634331351146102,59,0,-1,,0,0,3.5857999999997503,4.659000000000191
187,1.0913378684807256,1,4096,0,0.0,-81.73314184749324,0.002639085054397583,59,0,-1,,0,0,4.884799999999245,6.577800000000522
188,1.0971428571428572,1,4096,0,0.0,-83.4317766017873,0.002629542723298073,59,0,-1,,0,0,3.786299999999798,5.164900000000472
189,1.1029478458049886,1,4096,0,0.0,-86.38233908839759,0.002642132807523012,59,0,-1,,0,0,3.6716999999999445,4.6173999999989945
190,1.1087528344671203,1,4096,0,0.0,-87.4958691799267,0.002641702303662896,59,0,-1,,0,0,4.096399999999889,5.042400000000669
191,1.1145578231292517,1,4096,0,0.0,-86.48661232990244,0.0026454951148480177,59,0,-1,,0,0,3.6202999999996877,6.124800000000263
192,1.1203628117913833,1,4096,0,0.0,-88.09450096550557,0.0026477507781237364,59,0,-1,,0,0,3.6111000000005333,4.530100000000203
193,1.1261678004535147,1,4096,0,0.0,-88.72967741026139,0.0026195470709353685,59,0,-1,,0,0,7.457499999999229,8.488299999999782
194,1.1319727891156464,1,4096,0,0.0,-89.44602788001532,0.0026251005474478006,59,0,-1,,0,0,3.822200000000109,4.9466999999996375
195,1.1377777777777778,1,4096,0,0.0,-90.23707583806313,0.00263708783313632,59,0,-1,,0,0,5.060900000000146,9.451600000000226
196,1.1435827664399092,1,4096,0,0.0,-90.13809641008079,0.0026346498634666204,59,0,-1,,0,0,3.1730000000003145,5.3634999999996325
197,1.1493877551020408,1,4096,0,0.0,-90.5843146999018,0.002632527844980359,59,0,-1,,0,0,3.2997000000012378,4.123100000001045
198,1.1551927437641722,1,4096,0,0.0,-92.26220467553416,0.0026398496702313423,59,0,-1,,0,0,3.0212999999985612,3.8525000000007026
199,1.1609977324263039,1,4096,0,0.0,-90.65722287811337,0.0026224900502711535,59,0,-1,,0,0,4.85880000000094,6.247499999998851
200,1.1668027210884353,1,4096,0,0.0,-89.80842186487612,0.0026377954054623842,59,0,-1,,0,0,3.2706000000004565,4.152899999999349
201,1.172607709750567,1,4096,0,0.0,-93.30998225268631,0.0026320822071284056,59,0,-1,,0,0,3.790400000001526,4.936400000000063
202,1.1784126984126984,1,4096,0,0.0,-94.08641806311084,0.002629312453791499,59,0,-1,,0,0,6.30409999999948,7.607400000001263
203,1.18421768707483,1,4096,0,0.0,-93.17662465891792,0.002628899645060301,59,0,-1,,0,0,4.203300000000354,5.349999999999966
204,1.1900226757369614,1,4096,0,0.0,-92.79949119773461,0.002634113421663642,59,0,-1,,0,0,3.764699999999621,5.381700000000933
205,1.195827664399093,1,4096,0,0.0,-93.69934845749101,0.002631982322782278,59,0,-1,,0,0,5.125700000000677,6.25070000000072
206,1.2016326530612245,1,4096,0,0.0,-94.6937514599202,0.0026335997972637415,59,0,-1,,0,0,3.760300000001493,4.718999999999696
207,1.207437641723356,1,4096,0,0.0,-93.85006232483077,0.002632899908348918,59,0,-1,,0,0,3.742299999998977,4.830500000000626
208,1.2132426303854875,1,4096,0,0.0,-93.44756490089864,0.0026299150194972754,59,0,-1,,0,0,5.053199999998981,7.722100000000509
209,1.2190476190476192,1,4096,0,0.0,-92.28888544184314,0.0026372333522886038,59,0,-1,,0,0,3.534500000000662,5.113700000000776
210,1.2248526077097506,1,4096,0,0.0,-93.81189069276645,0.002635218668729067,59,0,-1,,0,0,3.3919999999998396,4.251500000000519
211,1.230657596371882,1,4096,0,0.0,-95.29183509470138,0.002632510382682085,59,0,-1,,0,0,4.1013999999997,6.60719999999948
212,1.2364625850340136,1,4096,0,0.0,-95.68297888648334,0.0026339394971728325,59,0,-1,,0,0,3.2098999999998767,4.139699999999635
213,1.242267573696145,1,4096,0,0.0,-95.56758314090658,0.0026352335698902607,59,0,-1,,0,0,3.459800000001678,4.184900000000269
214,1.2480725623582767,1,4096,0,0.0,-95.40004253398527,0.002638044999912381,59,0,-1,,0,0,4.61920000000049,5.546799999999408
215,1.253877551020408,1,4096,0,0.0,-94.83572925497432,0.002636652672663331,59,0,-1,,0,0,3.575000000001438,4.4714999999992955
216,1.2596825396825397,1,4096,0,0.0,-94.98250585300241,0.002632983960211277,59,0,-1,,0,0,3.449699999999112,4.861500000000518
217,1.2654875283446712,1,4096,0,0.0,-96.51857380658345,0.0026332365814596415,59,0,-1,,0,0,3.8669999999996207,4.762500000000003
218,1.2712925170068028,1,4096,0,0.0,-94.74056355997843,0.0026345544029027224,59,0,-1,,0,0,3.800899999999885,5.13669999999955
219,1.2770975056689342,1,4096,0,0.0,-95.08318728956347,0.002634498057886958,59,0,-1,,0,0,3.1869000000011027,3.9561000000016833
220,1.2829024943310658,1,4096,0,0.0,-96.66269167130112,0.0026351846754550934,59,0,-1,,0,0,3.2842000000012916,3.96060000000098
221,1.2887074829931973,1,4096,0,0.0,-95.23872588742294,0.002634796081110835,59,0,-1,,0,0,6.663400000000763,7.598999999999023
222,1.294512471655329,1,4096,0,0.0,-95.13441703221056,0.002633747411891818,59,0,-1,,0,0,3.1581000000002746,4.054400000001124
223,1.3003174603174603,1,4096,0,0.0,-96.37908519400071,0.002635806333273649,59,0,-1,,0,0,3.090999999999511,3.823099999999968
224,1.3061224489795917,1,4096,0,0.0,-96.44826950478262,0.0026330086402595043,59,0,-1,,0,0,5.227800000000116,6.011499999999614
225,1.3119274376417234,1,4096,0,0.0,-96.31098574877738,0.0026359606999903917,59,0,-1,,0,0,3.1181000000000125,4.111800000000443
226,1.3177324263038548,1,4096,0,0.0,-96.243937670594,0.002634691074490547,59,0,-1,,0,0,3.13180000000024,4.505199999998766
227,1.3235374149659864,1,4096,0,0.0,-97.73794553660701,0.002635022858157754,59,0,-1,,0,0,4.026800000000108,5.186200000000696
228,1.3293424036281178,1,4096,0,0.0,-96.59003495889704,0.0026339066680520773,59,0,-1,,0,0,3.3420999999993484,5.662299999999121
229,1.3351473922902495,1,4096,0,0.0,-96.44826950478262,0.002636246383190155,59,0,-1,,0,0,3.4317000000001485,4.282399999999242
230,1.340952380952381,1,4096,0,0.0,-95.9233973547883,0.002635369310155511,59,0,-1,,0,0,3.3338999999994456,4.342399999998747
231,1.3467573696145125,1,4096,0,0.0,-90.45959839131186,0.0026336763985455036,59,0,-1,,0,0,4.603499999999983,5.631600000000958
232,1.352562358276644,1,4096,0,0.09761169530564424,-86.10947425411992,0.002633370691910386,59,0,-1,,0,0,2.9120000000002477,3.6997999999996978
233,1.3583673469387756,1,4096,0,0.8868148921925957,-79.31921728000546,0.0026405402459204197,59,0,-1,,0,0,3.0792000000001707,3.8194999999987544
234,1.364172335600907,1,4096,0,1.0,-81.39137100754992,0.0026386436074972153,59,0,-1,,0,0,4.646199999999823,5.488499999998453
235,1.3699773242630386,1,4096,0,0.0,-80.75476179643873,0.002632853575050831,59,0,-1,,0,0,3.3960000000003987,5.606000000000222
236,1.37578231292517,1,4096,0,0.0,-85.10091557664539,0.0026318642776459455,59,0,-1,,0,0,3.224699999998748,4.011900000000068
237,1.3815873015873017,1,4096,0,0.0,-93.81189069276645,0.00263642193749547,59,0,-1,,0,0,3.7401000000016893,4.780800000000696
238,1.3873922902494331,1,4096,0,0.0,-94.6937514599202,0.002633532276377082,59,0,-1,,0,0,4.300399999999982,6.378599999999679
239,1.3931972789115645,1,4096,0,0.0,-94.83572925497432,0.0026323902420699596,59,0,-1,,0,0,3.485700000000591,4.422399999999271
240,1.3990022675736962,1,4096,0,0.0,-89.50201700809458,0.0026317203883081675,59,0,-1,,0,0,2.976099999999704,3.7953999999995602
241,1.4048072562358276,1,4096,0,0.0,-88.54497841979571,0.0026354454457759857,59,0,-1,,0,0,4.250700000000052,5.420499999999606
242,1.4106122448979592,1,4096,0,0.0,-82.22637484311667,0.0026322640478610992,59,0,-1,,0,0,2.861199999999897,3.9639999999998565
243,1.4164172335600906,1,4096,0,1.0,-79.38865631969205,0.002634667092934251,59,0,-1,,0,0,3.3885999999991867,4.168699999999248
244,1.4222222222222223,1,4096,0,1.0,-75.16244486767684,0.00263380934484303,59,0,-1,,0,0,3.1860000000012434,4.117799999999505
245,1.4280272108843537,1,512,1,1.0,-64.2833007328484,0.020078858360648155,59,0,-1,,0,0,4.675199999999435,5.5541000000012275
246,1.4338321995464853,1,512,0,1.0,-64.0908170042328,0.022141333669424057,59,0,-1,,0,0,4.770099999999999,5.751599999999968
247,1.4396371882086167,1,512,0,1.0,-60.66227326422667,0.022179584950208664,59,0,-1,,0,0,5.074600000000373,6.305400000000461
248,1.4454421768707484,1,1024,0,1.0,-60.090369113901836,0.0210630651563406,59,0,-1,,0,0,4.541800000000151,6.702600000000558
249,1.4512471655328798,1,1024,0,1.0,-60.47318903657131,0.021085521206259727,59,0,-1,,0,0,3.981900000001204,5.001200000000594
250,1.4570521541950114,1,2048,0,1.0,-57.48200529382665,0.02098141610622406,59,0,-1,,0,0,6.9640999999993625,7.632100000000364
251,1.4628571428571429,1,2048,0,1.0,-59.976610763067946,0.020682690665125847,59,0,-1,,0,0,4.452799999999257,5.972800000000333
252,1.4686621315192743,1,2048,0,1.0,-59.37950064695022,0.02062029391527176,59,0,-1,,0,0,4.910699999999935,5.825599999999653
253,1.474467120181406,1,2048,0,1.0,-61.850650395103806,0.02083539590239525,59,0,-1,,0,0,3.9250000000006224,5.247899999998751
254,1.4802721088435373,1,4096,0,1.0,-62.34566048774995,0.002659487072378397,59,0,-1,,0,0,2.3792000000000257,2.9567999999997596
255,1.486077097505669,1,4096,0,1.0,-61.35761725851738,0.002687235129997134,59,0,-1,,0,0,2.5721999999994694,3.040399999999721
256,1.4918820861678004,1,4096,0,1.0,-62.80972593709977,0.0026555920485407114,59,0,-1,,0,0,4.110599999998854,4.829400000000206
257,1.497687074829932,1,4096,0,1.0,-63.52971296876565,0.0027030843775719404,59,0,-1,,0,0,4.809199999998626,6.253199999999737
258,1.5034920634920634,1,4096,0,1.0,-62.896735380645694,0.0026945024728775024,59,0,-1,,0,0,2.8113000000011823,3.5553999999997643
259,1.509297052154195,1,4096,0,1.0,-62.57612726449395,0.002683054655790329,59,0,-1,,0,0,3.0210000000003845,3.665100000000976
260,1.5151020408163265,1,4096,0,1.0,-64.03552919384323,0.002670952584594488,59,0,-1,,0,0,4.046200000001221,4.896099999999848
261,1.5209070294784581,1,4096,0,1.0,-64.66718169064231,0.0026804592926055193,59,0,-1,,0,0,2.6303999999992556,3.4573000000008847
262,1.5267120181405895,1,512,1,1.0,-67.0986749903816,0.020705195143818855,59,0,-1,,0,0,2.772399999999564,3.2800000000001717
263,1.5325170068027212,1,512,0,1.0,-67.30096624319486,0.02140967920422554,59,0,-1,,0,0,5.533699999999087,6.3653999999999655
264,1.5383219954648526,1,512,0,1.0,-67.41515839919884,0.020896485075354576,59,0,-1,,0,0,3.1478000000007,3.9028999999999314
265,1.5441269841269842,1,1024,0,1.0,-72.70369165714713,0.019978977739810944,59,0,-1,,0,0,3.4834000000003584,4.213999999999274
266,1.5499319727891157,1,1024,0,1.0,-72.17223127027344,0.020418548956513405,59,0,-1,,0,0,4.173400000000882,5.649999999999267
267,1.555736961451247,1,2048,0,1.0,-70.61956113334493,0.01983797363936901,59,0,-1,,0,0,5.336500000000299,6.810399999999106
268,1.5615419501133787,1,2048,0,1.0,-70.87357537302361,0.020037421956658363,59,0,-1,,0,0,7.0211999999987285,8.710600000000568
269,1.5673469387755101,1,2048,0,1.0,-70.31557324609065,0.020062891766428947,59,0,-1,,0,0,5.311900000000591,7.05929999999988
270,1.5731519274376418,1,2048,0,1.0,-69.77352152031672,0.020268531516194344,59,0,-1,,0,0,4.844399999999638,6.142200000001097
271,1.5789569160997732,1,4096,0,1.0,-62.61755509663701,0.002666505752131343,59,0,-1,,0,0,4.528099999999924,5.614300000001293
272,1.5847619047619048,1,4096,0,1.0,-54.92279861429481,0.0028334835078567266,59,0,-1,,0,0,4.437199999999919,5.469999999998976
273,1.5905668934240362,1,4096,0,1.0,-55.56446123364034,0.0029313121922314167,59,0,-1,,0,0,5.995399999999762,8.392500000001135
274,1.5963718820861679,1,4096,0,1.0,-56.33954941052899,0.0032040467485785484,59,0,-1,,0,0,5.5245999999993245,6.957599999999786
275,1.6021768707482993,1,4096,0,1.0,-57.31609450098691,0.0029398594051599503,59,0,-1,,0,0,6.25880000000123,9.714199999999451
276,1.607981859410431,1,4096,0,1.0,-58.581951687050804,0.002928521018475294,59,0,-1,,0,0,4.542000000000712,6.749199999999789
277,1.6137868480725623,1,4096,0,1.0,-58.04457784685249,0.0030952044762670994,59,0,-1,,0,0,5.93349999999937,7.224299999998962
278,1.619591836734694,1,4096,0,1.0,-58.2850173350115,0.003184438683092594,59,0,-1,,0,0,4.767700000000374,6.624500000000921
279,1.6253968253968254,1,4096,0,1.0,-56.23013738093167,0.0031225027050822973,59,0,-1,,0,0,7.1896999999996325,8.528599999999997
280,1.6312018140589568,1,4096,0,1.0,-57.76734987738273,0.003092351369559765,59,0,-1,,0,0,5.7792000000009836,7.525199999999899
281,1.6370068027210884,1,4096,0,1.0,-62.32154095753857,0.0031435068231076,59,0,-1,,0,0,7.512500000000699,8.86269999999989
282,1.6428117913832199,1,4096,0,1.0,-62.2993785370117,0.0029229442588984966,59,0,-1,,0,0,3.937399999999869,5.344800000001371
283,1.6486167800453515,1,4096,0,1.0,-59.31660054228062,0.0029144526924937963,59,0,-1,,0,0,3.9277999999995927,4.850799999999822
284,1.654421768707483,1,4096,0,1.0,-62.71990120632449,0.0029044956900179386,59,0,-1,,0,0,3.74990000000075,4.744399999999871
285,1.6602267573696146,1,512,1,1.0,-66.91904617716605,0.022258011624217033,59,0,-1,,0,0,3.556999999998922,4.695899999999753
286,1.666031746031746,1,512,0,1.0,-63.84399364659508,0.022430047392845154,59,0,-1,,0,0,3.4194000000002944,4.271100000000416
287,1.6718367346938776,1,512,0,1.0,-66.91756969274667,0.02294847182929516,59,0,-1,,0,0,3.6903000000005903,4.599400000000031
288,1.677641723356009,1,1024,0,1.0,-68.29691906351896,0.021647468209266663,59,0,-1,,0,0,3.8807000000016245,7.278700000000526
289,1.6834467120181407,1,1024,0,1.0,-71.59854551916172,0.020583733916282654,59,0,-1,,0,0,3.5194000000000614,4.4066000000011485
290,1.689251700680272,1,2048,0,1.0,-73.19050647122779,0.019513901323080063,59,0,-1,,0,0,3.9996999999996063,4.99680000000069
291,1.6950566893424037,1,2048,0,1.0,-74.20969012914631,0.02008633315563202,59,0,-1,,0,0,4.388400000001624,7.034599999999003
292,1.7008616780045351,1,2048,0,0.2695848986866733,-79.39414976421003,0.020115898922085762,59,0,-1,,0,0,4.020000000000579,5.272599999999628
293,1.7066666666666668,1,2048,0,0.6428638214325145,-77.98929307793284,0.019912540912628174,59,0,-1,,0,0,6.187399999999954,7.203499999999252
294,1.7124716553287982,1,4096,0,0.0,-79.9364851993413,0.002480091294273734,59,0,-1,,0,0,3.4282999999994956,4.52059999999932
295,1.7182766439909296,1,4096,0,0.6840772053461238,-81.00429437678245,0.0025746773462742567,59,0,-1,,0,0,3.4741999999994277,4.3287999999996885
296,1.7240816326530612,1,4096,0,0.0,-81.43292485234878,0.002592552686110139,59,0,-1,,0,0,4.217000000000581,5.314400000001385
297,1.7298866213151927,1,4096,0,0.21957521827270202,-81.04630820023452,0.002558684442192316,59,0,-1,,0,0,3.388000000001057,5.093599999998588
298,1.7356916099773243,1,4096,0,0.4128093670642701,-80.21290498648278,0.0026499954983592033,59,0,-1,,0,0,3.4013000000001625,4.250100000000145
299,1.7414965986394557,1,4096,0,1.0,-76.97100466104821,0.002657087752595544,59,0,-1,,0,0,3.524600000000433,4.291399999999612
300,1.7473015873015874,1,4096,0,1.0,-71.10347035571468,0.002622972708195448,59,0,-1,,0,0,5.6637000000012705,6.624699999999706
301,1.7531065759637188,1,512,1,1.0,-69.33199686868916,0.021709218621253967,59,0,-1,,0,0,3.1055999999995976,4.121399999998943
302,1.7589115646258504,1,512,0,1.0,-67.12166013077557,0.022441646084189415,59,0,-1,,0,0,3.0648999999982607,3.76280000000051
303,1.7647165532879818,1,512,0,1.0,-65.93971849174841,0.023167956620454788,59,0,-1,,0,0,5.685899999999577,6.983500000000475
304,1.7705215419501135,1,1024,0,1.0,-61.216170427364,0.030361725017428398,59,0,-1,,0,0,3.7549000000005606,5.142499999999828
305,1.7763265306122449,1,1024,0,1.0,-59.345476388681135,0.05014054477214813,53,0,-1,,0,0,3.3708000000007843,4.261100000000795
306,1.7821315192743765,1,2048,0,1.0,-57.893083781177296,0.03823528438806534,53,0,-1,,0,0,5.26569999999893,6.262099999998938
307,1.787936507936508,1,2048,0,1.0,-56.411004802693014,0.04092513397336006,53,0,-1,,0,0,3.485400000000638,4.442400000000291
308,1.7937414965986394,1,2048,0,1.0,-54.87636560826896,0.03999152407050133,53,0,-1,,0,0,3.455300000000605,4.430499999999782
309,1.799546485260771,1,2048,0,1.0,-53.86440402197803,0.03777054697275162,66,0,-1,,0,0,4.6754999999993885,6.414900000001111
310,1.8053514739229024,1,4096,0,1.0,-54.288015932855615,0.0035677836276590824,72,0,-1,,0,0,3.7796999999990533,5.027500000000629
311,1.811156462585034,1,4096,0,1.0,-55.67126830493506,0.0033477460965514183,72,0,-1,,0,0,3.568399999998917,4.3714999999995285
312,1.8169614512471655,1,4096,0,1.0,-58.24981891384161,0.0029856113251298666,72,0,-1,,0,0,3.3367999999995845,4.228899999999314
313,1.822766439909297,1,4096,0,1.0,-60.04104514954442,0.002743232762441039,72,0,-1,,0,0,4.317600000000255,6.92830000000022
314,1.8285714285714285,1,4096,0,1.0,-60.3377763567358,0.002550468547269702,72,0,-1,,0,0,3.6757000000005036,5.276099999999673
315,1.8343764172335602,1,4096,0,1.0,-60.90793541145614,0.0023299737367779016,72,0,-1,,0,0,4.972799999999111,6.102399999999619
316,1.8401814058956916,1,4096,0,1.0,-60.56600017060479,0.002175392583012581,72,0,-1,,0,0,3.5572000000012594,5.519800000000075
317,1.8459863945578232,1,4096,0,1.0,-61.189451874539806,0.0020852736197412014,72,0,-1,,0,0,3.6833999999998923,5.513200000001106
318,1.8517913832199546,1,4096,0,1.0,-62.21434128770469,0.0019809487275779247,72,0,-1,,0,0,4.350700000001595,5.385599999998547
319,1.8575963718820863,1,4096,0,1.0,-62.33975342435439,0.0019213377963751554,72,0,-1,,0,0,6.777500000000103,8.76330000000003
320,1.8634013605442177,1,4096,0,1.0,-63.69452225552191,0.0019618470687419176,72,0,-1,,0,0,7.120999999999711,9.034400000000886
321,1.8692063492063493,1,4096,0,1.0,-63.6360646900927,0.0020300245378166437,72,0,-1,,0,0,3.4620000000007423,5.819500000001199
322,1.8750113378684807,1,4096,0,1.0,-66.23281447536384,0.0021947044879198074,72,0,-1,,0,0,3.089700000000306,3.9034000000004454
323,1.8808163265306121,1,4096,0,1.0,-64.59599313963037,0.002196092624217272,72,0,-1,,0,0,4.894399999999521,6.253900000000812
324,1.8866213151927438,1,4096,0,1.0,-63.421246492597874,0.002243749564513564,72,0,-1,,0,0,3.3314999999998207,5.046799999998797
325,1.8924263038548752,1,4096,0,1.0,-60.02663472254697,0.0023418350610882044,59,0,-1,,0,0,3.075200000001388,3.8119000000005343
326,1.8982312925170068,1,4096,0,1.0,-55.500257464995066,0.0023096606601029634,59,0,-1,,0,0,5.250699999999497,6.1979000000000894
327,1.9040362811791383,1,4096,0,1.0,-51.62025637714825,0.003347039921209216,53,0,-1,,0,0,4.595800000000594,6.8862000000002865
328,1.90984126984127,1,4096,0,1.0,-48.402374026822805,0.004281482193619013,59,0,-1,,0,0,3.9239999999995945,5.948599999999971
329,1.9156462585034013,1,4096,0,1.0,-50.46402922585167,0.005191160831600428,59,0,-1,,0,0,5.722300000000402,7.039900000000543
330,1.921451247165533,1,4096,0,1.0,-50.71109831982477,0.00458478881046176,59,0,-1,,0,0,4.1399999999995885,5.4637999999993525
331,1.9272562358276644,1,4096,0,1.0,-48.273734954578245,0.005731290206313133,59,0,-1,,0,0,3.6255000000000592,4.8344000000000165
332,1.933061224489796,1,4096,0,1.0,-49.26809678184647,0.005771329160779715,59,0,-1,,0,0,6.636000000000308,8.903100000001274
333,1.9388662131519274,1,4096,0,1.0,-49.923700078454594,0.005619199946522713,59,0,-1,,0,0,3.9872000000009677,5.307900000000032
334,1.944671201814059,1,4096,0,1.0,-53.425432266744664,0.0048552327789366245,59,0,-1,,0,0,5.108100000001059,6.159399999999593
335,1.9504761904761905,1,4096,0,1.0,-54.49302051391645,0.004064489621669054,64,0,-1,,0,0,3.7932999999998884,5.096500000000503
336,1.956281179138322,1,4096,0,1.0,-55.23896609155706,0.003774500684812665,64,0,-1,,0,0,3.8882999999998447,4.944399999999405
337,1.9620861678004535,1,4096,0,1.0,-59.20157274899819,0.0036202233750373125,64,0,-1,,0,0,5.691699999999855,6.730100000000405
338,1.967891156462585,1,4096,0,1.0,-61.94325375868282,0.003425733419135213,64,0,-1,,0,0,4.072399999998311,5.169200000000984
339,1.9736961451247166,1,4096,0,1.0,-66.39769817636432,0.00312019232660532,64,0,-1,,0,0,3.762000000000043,5.160699999999352
340,1.979501133786848,1,4096,0,1.0,-64.95911146951651,0.003061007708311081,64,0,-1,,0,0,5.381600000001541,6.595800000001262
341,1.9853061224489796,1,4096,0,1.0,-66.01354021695094,0.003405787982046604,64,0,-1,,0,0,3.728399999999965,4.794900000000268
342,1.991111111111111,1,4096,0,1.0,-60.91087686523835,0.003650875063613057,64,0,-1,,0,0,3.8981000000006816,5.224899999999977
343,1.9969160997732427,1,4096,0,1.0,-60.59536533695368,0.0035540317185223103,64,0,-1,,0,0,5.312999999999235,6.627699999999237
344,2.0027210884353743,1,4096,0,1.0,-65.55885778334537,0.002995577873662114,59,0,-1,,0,0,5.764400000000336,7.256599999999835
345,2.0085260770975055,1,4096,0,1.0,-66.19008848351797,0.0030457971151918173,59,0,-1,,0,0,6.3805999999999585,7.831100000000646
346,2.014331065759637,1,512,1,1.0,-69.06725958397986,0.02121015079319477,59,0,-1,,0,0,4.37449999999906,5.790299999999249
